{"IcoMoonType":"selection","icons":[{"icon":{"paths":["M767.976 224.018l-383.976 575.965-383.976-575.965z"],"width":768,"attrs":[],"isMulticolor":false,"isMulticolor2":false,"tags":["play"],"grid":16},"attrs":[],"properties":{"id":91,"order":6,"prevSize":32,"code":59648,"name":"play"},"setIdx":0,"setId":7,"iconIdx":90}],"height":1024,"metadata":{"name":"icomoon"},"preferences":{"showGlyphs":true,"showQuickUse":true,"showQuickUse2":true,"showSVGs":true,"fontPref":{"prefix":"icon-","metadata":{"fontFamily":"icomoon"},"metrics":{"emSize":1024,"baseline":6.25,"whitespace":50},"embed":false},"imagePref":{"prefix":"icon-","png":true,"useClassSelector":true,"color":0,"bgColor":16777215,"classSelector":".icon"},"historySize":50,"showCodes":true,"gridSize":16}}